chain,position,insertion_code,resname_3,resname_1
A,1,,LYS,K
A,2,,VAL,V
A,3,,PHE,F
A,4,,GLY,G
A,5,,ARG,R
A,6,,CYS,C
A,7,,GLU,E
A,8,,LEU,L
A,9,,ALA,A
A,10,,ALA,A
A,11,,ALA,A
A,12,,MET,M
A,13,,LYS,K
A,14,,ARG,R
A,15,,HIS,H
A,16,,GLY,G
A,17,,LEU,L
A,18,,ASP,D
A,19,,ASN,N
A,20,,TYR,Y
A,21,,ARG,R
A,22,,GLY,G
A,23,,TYR,Y
A,24,,SER,S
A,25,,LEU,L
A,26,,GLY,G
A,27,,ASN,N
A,28,,TRP,W
A,29,,VAL,V
A,30,,CYS,C
A,31,,ALA,A
A,32,,ALA,A
A,33,,LYS,K
A,34,,PHE,F
A,35,,GLU,E
A,36,,SER,S
A,37,,ASN,N
A,38,,PHE,F
A,39,,ASN,N
A,40,,THR,T
A,41,,GLN,Q
A,42,,ALA,A
A,43,,THR,T
A,44,,ASN,N
A,45,,ARG,R
A,46,,ASN,N
A,47,,THR,T
A,48,,ASP,D
A,49,,GLY,G
A,50,,SER,S
A,51,,THR,T
A,52,,ASP,D
A,53,,TYR,Y
A,54,,GLY,G
A,55,,ILE,I
A,56,,LEU,L
A,57,,GLN,Q
A,58,,ILE,I
A,59,,ASN,N
A,60,,SER,S
A,61,,ARG,R
A,62,,TRP,W
A,63,,TRP,W
A,64,,CYS,C
A,65,,ASN,N
A,66,,ASP,D
A,67,,GLY,G
A,68,,ARG,R
A,69,,THR,T
A,70,,PRO,P
A,71,,GLY,G
A,72,,SER,S
A,73,,ARG,R
A,74,,ASN,N
A,75,,LEU,L
A,76,,CYS,C
A,77,,ASN,N
A,78,,ILE,I
A,79,,PRO,P
A,80,,CYS,C
A,81,,SER,S
A,82,,ALA,A
A,83,,LEU,L
A,84,,LEU,L
A,85,,SER,S
A,86,,SER,S
A,87,,ASP,D
A,88,,ILE,I
A,89,,THR,T
A,90,,ALA,A
A,91,,SER,S
A,92,,VAL,V
A,93,,ASN,N
A,94,,CYS,C
A,95,,ALA,A
A,96,,LYS,K
A,97,,LYS,K
A,98,,ILE,I
A,99,,VAL,V
A,100,,SER,S
A,101,,ASP,D
A,102,,GLY,G
A,103,,ASN,N
A,104,,GLY,G
A,105,,MET,M
A,106,,ASN,N
A,107,,ALA,A
A,108,,TRP,W
A,109,,VAL,V
A,110,,ALA,A
A,111,,TRP,W
A,112,,ARG,R
A,113,,ASN,N
A,114,,ARG,R
A,115,,CYS,C
A,116,,LYS,K
A,117,,GLY,G
A,118,,THR,T
A,119,,ASP,D
A,120,,VAL,V
A,121,,GLN,Q
A,122,,ALA,A
A,123,,TRP,W
A,124,,ILE,I
A,125,,ARG,R
A,126,,GLY,G
A,127,,CYS,C
A,128,,ARG,R
A,129,,LEU,L
