chain,position,insertion_code,resname_3,resname_1,aa_dssp,secondary_structure,ss_simple,rsa,environment
A,1,,LYS,K,K,-,loop,0.47317073170731705,surface
A,2,,VAL,V,V,B,loop,0.6267605633802817,surface
A,3,,PHE,F,F,-,loop,0.09644670050761421,core
A,4,,GLY,G,G,-,loop,0.34523809523809523,surface
A,5,,ARG,R,R,H,helix,0.31451612903225806,surface
A,6,,CYS,C,C,H,helix,0.37037037037037035,surface
A,7,,GLU,E,E,H,helix,0.4639175257731959,surface
A,8,,LEU,L,L,H,helix,0.0,core
A,9,,ALA,A,A,H,helix,0.0,core
A,10,,ALA,A,A,H,helix,0.44339622641509435,surface
A,11,,ALA,A,A,H,helix,0.19811320754716982,intermediate
A,12,,MET,M,M,H,helix,0.015957446808510637,core
A,13,,LYS,K,K,H,helix,0.33170731707317075,surface
A,14,,ARG,R,R,H,helix,0.8104838709677419,surface
A,15,,HIS,H,H,T,loop,0.20108695652173914,intermediate
A,16,,GLY,G,G,T,loop,0.4523809523809524,surface
A,17,,LEU,L,L,-,loop,0.0,core
A,18,,ASP,D,D,T,loop,0.34355828220858897,surface
A,19,,ASN,N,N,T,loop,0.6305732484076433,surface
A,20,,TYR,Y,Y,B,loop,0.35135135135135137,surface
A,21,,ARG,R,R,T,loop,0.6129032258064516,surface
A,22,,GLY,G,G,T,loop,0.7738095238095238,surface
A,23,,TYR,Y,Y,B,loop,0.24324324324324326,intermediate
A,24,,SER,S,S,-,loop,0.2153846153846154,intermediate
A,25,,LEU,L,L,T,loop,0.012195121951219513,core
A,26,,GLY,G,G,H,helix,0.0,core
A,27,,ASN,N,N,H,helix,0.17197452229299362,intermediate
A,28,,TRP,W,W,H,helix,0.0,core
A,29,,VAL,V,V,H,helix,0.0,core
A,30,,CYS,C,C,H,helix,0.0,core
A,31,,ALA,A,A,H,helix,0.0,core
A,32,,ALA,A,A,H,helix,0.0,core
A,33,,LYS,K,K,H,helix,0.2731707317073171,surface
A,34,,PHE,F,F,H,helix,0.3604060913705584,surface
A,35,,GLU,E,E,H,helix,0.18041237113402062,intermediate
A,36,,SER,S,S,H,helix,0.06153846153846154,core
A,37,,ASN,N,N,T,loop,0.5859872611464968,surface
A,38,,PHE,F,F,T,loop,0.10152284263959391,intermediate
A,39,,ASN,N,N,B,loop,0.29936305732484075,surface
A,40,,THR,T,T,S,loop,0.007042253521126761,core
A,41,,GLN,Q,Q,S,loop,0.6060606060606061,surface
A,42,,ALA,A,A,-,loop,0.2358490566037736,intermediate
A,43,,THR,T,T,E,sheet,0.5845070422535211,surface
A,44,,ASN,N,N,E,sheet,0.5605095541401274,surface
A,45,,ARG,R,R,E,sheet,0.6169354838709677,surface
A,46,,ASN,N,N,-,loop,0.42038216560509556,surface
A,47,,THR,T,T,T,loop,1.0,surface
A,48,,ASP,D,D,T,loop,0.5337423312883436,surface
A,49,,GLY,G,G,S,loop,0.2261904761904762,intermediate
A,50,,SER,S,S,-,loop,0.015384615384615385,core
A,51,,THR,T,T,E,sheet,0.035211267605633804,core
A,52,,ASP,D,D,E,sheet,0.17177914110429449,intermediate
A,53,,TYR,Y,Y,E,sheet,0.12162162162162163,intermediate
A,54,,GLY,G,G,T,loop,0.0,core
A,55,,ILE,I,I,T,loop,0.01775147928994083,core
A,56,,LEU,L,L,T,loop,0.0,core
A,57,,GLN,Q,Q,T,loop,0.05555555555555555,core
A,58,,ILE,I,I,E,sheet,0.01775147928994083,core
A,59,,ASN,N,N,E,sheet,0.20382165605095542,intermediate
A,60,,SER,S,S,T,loop,0.0,core
A,61,,ARG,R,R,T,loop,0.375,surface
A,62,,TRP,W,W,T,loop,0.4977973568281938,surface
A,63,,TRP,W,W,S,loop,0.1762114537444934,intermediate
A,64,,CYS,C,C,-,loop,0.0,core
A,65,,ASN,N,N,B,loop,0.43312101910828027,surface
A,66,,ASP,D,D,-,loop,0.2147239263803681,intermediate
A,67,,GLY,G,G,S,loop,0.8214285714285714,surface
A,68,,ARG,R,R,S,loop,0.46774193548387094,surface
A,69,,THR,T,T,-,loop,0.04225352112676056,core
A,70,,PRO,P,P,T,loop,0.8602941176470589,surface
A,71,,GLY,G,G,T,loop,0.36904761904761907,surface
A,72,,SER,S,S,-,loop,0.3076923076923077,surface
A,73,,ARG,R,R,-,loop,0.625,surface
A,74,,ASN,N,N,-,loop,0.3184713375796178,surface
A,75,,LEU,L,L,T,loop,0.5304878048780488,surface
A,76,,CYS,C,C,T,loop,0.17037037037037037,intermediate
A,77,,ASN,N,N,-,loop,0.8726114649681529,surface
A,78,,ILE,I,I,S,loop,0.3136094674556213,surface
A,79,,PRO,P,P,B,loop,0.5073529411764706,surface
A,80,,CYS,C,C,G,loop,0.007407407407407408,core
A,81,,SER,S,S,G,loop,0.6692307692307692,surface
A,82,,ALA,A,A,G,loop,0.2358490566037736,intermediate
A,83,,LEU,L,L,G,loop,0.006097560975609756,core
A,84,,LEU,L,L,G,loop,0.22560975609756098,intermediate
A,85,,SER,S,S,S,loop,0.46923076923076923,surface
A,86,,SER,S,S,S,loop,0.5538461538461539,surface
A,87,,ASP,D,D,-,loop,0.5337423312883436,surface
A,88,,ILE,I,I,-,loop,0.023668639053254437,core
A,89,,THR,T,T,H,helix,0.3380281690140845,surface
A,90,,ALA,A,A,H,helix,0.22641509433962265,intermediate
A,91,,SER,S,S,H,helix,0.007692307692307693,core
A,92,,VAL,V,V,H,helix,0.0,core
A,93,,ASN,N,N,H,helix,0.5605095541401274,surface
A,94,,CYS,C,C,H,helix,0.02962962962962963,core
A,95,,ALA,A,A,H,helix,0.0,core
A,96,,LYS,K,K,H,helix,0.2048780487804878,intermediate
A,97,,LYS,K,K,H,helix,0.5902439024390244,surface
A,98,,ILE,I,I,H,helix,0.05325443786982249,core
A,99,,VAL,V,V,T,loop,0.014084507042253521,core
A,100,,SER,S,S,T,loop,0.2,intermediate
A,101,,ASP,D,D,S,loop,0.5766871165644172,surface
A,102,,GLY,G,G,S,loop,0.7380952380952381,surface
A,103,,ASN,N,N,S,loop,0.6815286624203821,surface
A,104,,GLY,G,G,G,loop,0.08333333333333333,core
A,105,,MET,M,M,G,loop,0.0,core
A,106,,ASN,N,N,G,loop,0.21656050955414013,intermediate
A,107,,ALA,A,A,G,loop,0.5566037735849056,surface
A,108,,TRP,W,W,S,loop,0.05286343612334802,core
A,109,,VAL,V,V,H,helix,0.6197183098591549,surface
A,110,,ALA,A,A,H,helix,0.11320754716981132,intermediate
A,111,,TRP,W,W,H,helix,0.04405286343612335,core
A,112,,ARG,R,R,H,helix,0.41935483870967744,surface
A,113,,ASN,N,N,H,helix,0.7770700636942676,surface
A,114,,ARG,R,R,H,helix,0.5443548387096774,surface
A,115,,CYS,C,C,T,loop,0.0,core
A,116,,LYS,K,K,T,loop,0.48292682926829267,surface
A,117,,GLY,G,G,T,loop,0.9761904761904762,surface
A,118,,THR,T,T,S,loop,0.5492957746478874,surface
A,119,,ASP,D,D,-,loop,0.5153374233128835,surface
A,120,,VAL,V,V,G,loop,0.1056338028169014,intermediate
A,121,,GLN,Q,Q,G,loop,0.6464646464646465,surface
A,122,,ALA,A,A,G,loop,0.2169811320754717,intermediate
A,123,,TRP,W,W,G,loop,0.2555066079295154,surface
A,124,,ILE,I,I,S,loop,0.21301775147928995,intermediate
A,125,,ARG,R,R,T,loop,0.4596774193548387,surface
A,126,,GLY,G,G,T,loop,0.8571428571428571,surface
A,127,,CYS,C,C,-,loop,0.17777777777777778,intermediate
A,128,,ARG,R,R,-,loop,0.9758064516129032,surface
A,129,,LEU,L,L,-,loop,0.5853658536585366,surface
